id,target
1,1
4,1
5,1
6,1
7,0
8,1
10,1
13,0
14,1
15,0
16,1
17,0
18,1
19,1
20,1
23,0
24,0
25,0
26,0
28,0
31,0
32,0
33,0
34,0
36,0
37,0
38,0
39,0
40,0
41,0
44,0
48,1
49,0
50,1
52,0
53,0
54,0
55,1
56,1
57,0
59,0
61,0
62,0
63,0
64,0
65,0
66,1
67,0
68,0
71,0
73,1
74,1
76,0
77,1
78,0
79,1
80,1
81,0
82,0
83,1
85,0
86,0
89,0
91,0
92,0
93,1
95,0
96,0
97,1
98,1
100,0
102,0
104,1
105,1
107,1
109,0
110,0
112,1
113,1
114,0
117,0
118,0
119,0
120,0
121,1
126,1
128,1
129,1
130,1
131,1
132,0
133,1
134,1
135,1
136,1
137,1
138,0
139,1
141,0
143,0
144,1
145,0
146,0
149,0
151,0
153,0
156,0
157,0
158,0
159,1
160,0
161,0
162,0
163,0
164,0
165,0
168,0
170,0
171,0
172,0
173,0
174,0
175,0
176,0
178,0
180,0
182,0
183,0
184,0
185,0
187,0
190,0
191,0
193,0
194,0
195,0
196,1
197,1
198,0
199,1
201,0
203,1
204,1
205,1
208,1
209,1
210,1
211,1
212,1
213,0
215,0
216,1
218,1
219,1
220,1
221,1
222,1
225,1
226,1
229,1
231,0
232,1
235,1
237,0
238,1
240,1
241,0
242,1
243,1
244,1
245,1
246,0
247,0
248,1
249,1
251,0
252,0
253,1
254,0
256,0
258,0
260,0
261,1
262,0
263,0
264,0
265,0
266,1
267,0
268,0
269,0
270,1
271,0
272,0
273,0
274,0
276,1
277,0
279,0
280,0
281,0
283,0
285,0
287,1
289,1
290,0
291,0
293,0
294,0
296,0
297,0
298,0
299,0
301,0
302,0
303,0
307,0
309,0
310,1
312,0
313,1
314,0
315,0
316,0
318,0
320,1
321,0
322,1
327,0
328,0
329,0
330,0
331,0
332,0
334,0
335,0
336,0
337,0
338,1
340,0
341,0
344,0
345,0
346,0
347,0
348,0
349,1
352,1
353,0
354,1
355,1
356,1
358,0
360,1
361,0
363,0
364,1
365,0
368,0
370,1
371,0
372,0
375,0
380,0
381,1
383,0
384,1
386,0
389,0
390,0
393,1
394,1
396,0
397,0
398,0
401,0
402,0
404,0
406,0
407,0
409,0
410,0
412,0
413,0
415,0
418,0
419,0
420,0
421,0
423,0
424,0
426,0
427,0
429,0
432,1
435,0
436,0
437,0
438,0
440,1
442,0
443,0
444,0
445,0
446,0
447,0
448,0
450,0
451,0
452,0
453,0
454,0
455,0
456,0
457,0
459,0
461,0
462,0
463,0
465,0
466,0
467,0
468,0
469,0
470,0
471,1
472,0
474,0
475,0
476,0
477,0
478,0
479,0
480,0
481,0
482,0
483,0
484,0
485,0
486,0
487,0
489,1
490,1
492,0
493,0
495,0
496,0
498,0
499,0
501,0
502,0
503,0
504,0
506,0
509,1
512,0
513,0
514,0
516,0
517,0
518,0
519,1
520,1
521,0
522,0
523,0
524,0
526,0
527,0
528,0
530,0
531,0
533,0
535,0
536,1
538,1
540,0
542,0
543,0
544,0
546,1
550,1
551,1
552,1
556,0
558,1
559,1
560,1
561,0
563,0
564,0
565,1
567,1
568,1
569,1
570,1
571,0
574,1
575,1
576,1
577,0
578,0
579,1
580,1
581,0
583,0
584,1
585,0
588,1
589,0
592,1
594,1
598,0
599,0
600,1
603,0
604,1
606,1
607,0
608,0
609,0
611,0
612,0
613,0
614,1
615,1
617,0
619,0
621,0
622,0
623,0
624,0
625,0
628,0
630,1
631,0
633,0
635,1
636,0
637,0
638,0
640,0
641,0
642,0
643,0
644,1
646,1
649,0
651,0
652,1
653,0
654,0
655,1
656,0
657,1
658,1
659,1
660,1
661,1
662,1
664,1
665,0
667,1
669,0
671,0
672,0
674,1
675,1
677,1
679,0
680,1
681,1
682,1
683,1
684,1
685,1
686,0
687,0
688,1
689,0
690,1
691,0
697,0
699,1
700,0
702,0
704,0
705,0
706,0
709,1
710,1
712,1
713,1
714,1
716,1
717,1
719,0
720,0
721,0
724,1
725,1
726,0
727,1
728,0
729,1
730,1
731,1
732,0
734,1
735,0
736,1
737,1
738,1
739,1
740,1
744,0
745,1
746,0
748,0
751,0
752,0
753,0
754,0
755,0
758,0
759,0
761,0
762,0
763,0
767,0
770,0
773,0
774,0
775,0
777,0
779,0
781,0
782,0
783,0
784,0
786,0
787,0
788,0
790,0
791,0
794,0
795,0
796,0
797,0
798,0
799,0
800,0
801,0
802,0
803,0
804,0
805,0
806,0
807,0
808,0
809,0
810,0
812,0
814,1
815,0
817,0
818,0
819,0
820,0
822,0
823,0
826,0
828,0
829,1
832,1
833,1
834,1
835,1
836,1
837,1
838,1
840,1
841,1
842,0
843,1
845,1
846,1
848,1
849,1
851,1
852,1
853,1
856,1
857,1
859,1
860,0
863,1
864,1
866,1
867,0
868,0
870,1
871,1
872,1
873,1
874,1
875,1
876,0
877,1
878,1
881,1
882,0
883,1
884,0
885,1
886,0
888,1
890,1
891,0
892,0
893,0
894,0
895,1
896,1
898,1
899,0
902,1
903,1
905,1
906,0
907,1
911,0
912,0
915,1
916,1
919,1
921,0
923,1
926,1
928,1
929,0
930,0
931,0
932,0
934,0
935,0
936,0
938,1
939,0
940,0
941,0
942,0
944,0
945,1
946,1
947,0
948,0
951,0
952,0
953,0
955,0
956,0
957,0
958,0
959,0
960,0
961,0
962,0
963,0
964,1
965,0
968,0
971,0
972,0
974,0
976,0
977,0
978,0
979,0
981,0
982,0
983,0
984,0
985,0
986,0
987,0
990,0
991,0
992,0
993,0
994,0
996,0
997,1
998,0
999,0
1001,0
1002,0
1004,0
1005,0
1006,0
1008,0
1009,0
1010,0
1015,0
1017,0
1018,0
1020,0
1021,0
1022,0
1023,0
1024,0
1026,0
1029,0
1031,0
1032,0
1035,0
1036,0
1037,0
1038,0
1040,0
1041,0
1042,0
1043,0
1044,0
1045,0
1048,0
1049,0
1050,0
1051,0
1052,0
1054,0
1057,0
1058,0
1061,0
1062,0
1065,0
1066,0
1067,0
1069,0
1070,0
1071,0
1072,0
1073,0
1074,0
1075,0
1077,0
1078,0
1079,0
1080,0
1081,0
1082,0
1083,0
1084,0
1085,0
1088,0
1090,0
1091,0
1093,0
1094,0
1098,0
1099,0
1102,0
1103,0
1104,0
1105,0
1106,0
1109,0
1110,0
1112,0
1113,0
1114,0
1117,0
1118,0
1119,0
1120,0
1122,0
1123,0
1124,0
1126,0
1128,0
1129,0
1130,0
1132,0
1134,0
1136,0
1138,0
1139,0
1141,0
1142,0
1143,0
1145,0
1146,0
1149,0
1151,0
1152,0
1153,0
1154,0
1155,0
1156,0
1157,0
1160,0
1162,0
1164,0
1166,1
1167,0
1168,0
1170,0
1173,0
1174,1
1175,0
1177,0
1178,0
1179,0
1181,0
1182,0
1183,0
1185,0
1188,0
1189,0
1190,0
1191,0
1195,1
1196,0
1198,0
1199,0
1201,0
1202,0
1203,0
1204,0
1206,0
1207,0
1208,0
1209,0
1211,0
1212,0
1213,0
1214,0
1215,0
1217,0
1218,0
1219,0
1221,0
1222,0
1223,0
1224,0
1225,0
1226,0
1227,0
1228,0
1229,0
1230,0
1232,0
1234,0
1235,0
1236,0
1237,0
1238,0
1239,0
1240,0
1241,0
1242,0
1243,0
1244,0
1245,0
1249,0
1250,0
1251,0
1252,0
1253,0
1254,0
1259,0
1262,0
1263,0
1264,0
1267,0
1269,1
1270,0
1271,0
1272,0
1273,0
1275,0
1276,0
1277,0
1278,0
1279,0
1280,0
1282,0
1283,0
1284,0
1287,0
1288,0
1289,1
1290,0
1293,0
1294,0
1296,1
1297,0
1298,0
1300,0
1301,0
1302,0
1303,0
1304,0
1305,0
1307,0
1308,0
1309,0
1312,0
1315,0
1316,0
1317,0
1318,0
1319,0
1320,0
1321,0
1324,1
1326,0
1327,0
1328,0
1331,0
1332,0
1334,0
1335,0
1337,0
1338,0
1340,0
1341,0
1343,0
1345,0
1346,1
1347,0
1348,0
1349,0
1350,0
1351,0
1352,0
1353,0
1354,0
1356,0
1360,0
1361,0
1362,0
1363,0
1365,0
1368,0
1369,0
1371,0
1372,0
1374,0
1375,0
1376,0
1378,0
1379,0
1380,0
1381,0
1382,0
1383,0
1384,0
1385,0
1388,0
1389,0
1390,0
1391,0
1393,0
1394,0
1395,0
1396,0
1399,0
1401,0
1402,0
1405,0
1406,0
1407,0
1408,0
1409,0
1411,0
1412,0
1414,0
1415,0
1418,0
1419,0
1420,0
1421,0
1422,0
1425,0
1429,0
1431,0
1432,0
1433,0
1436,0
1439,0
1440,0
1441,0
1443,0
1444,0
1445,0
1447,0
1448,0
1449,0
1450,0
1452,0
1453,0
1454,0
1455,0
1456,0
1458,0
1459,0
1460,0
1463,0
1464,0
1466,0
1467,0
1470,0
1472,0
1473,1
1474,0
1475,0
1477,0
1479,0
1480,0
1482,0
1483,0
1484,0
1485,0
1486,0
1487,0
1488,0
1491,0
1493,0
1494,1
1495,0
1497,0
1498,0
1499,0
1500,0
1501,0
1502,0
1503,0
1504,0
1505,0
1506,0
1507,0
1508,0
1509,0
1510,0
1511,0
1513,0
1514,0
1515,0
1518,0
1519,0
1520,0
1521,0
1522,0
1523,0
1524,0
1525,0
1526,0
1527,0
1530,0
1531,1
1532,0
1533,0
1534,1
1535,1
1537,0
1538,0
1540,0
1543,0
1544,0
1545,1
1546,0
1547,0
1549,1
1553,0
1554,1
1555,1
1556,1
1558,0
1559,0
1560,1
1561,0
1562,0
1567,1
1568,0
1569,1
1570,0
1572,0
1573,1
1574,1
1575,1
1576,0
1577,0
1579,0
1580,0
1582,1
1585,1
1587,0
1588,0
1590,1
1591,0
1593,1
1594,1
1595,1
1596,1
1597,0
1599,0
1600,1
1601,0
1602,0
1603,1
1604,1
1605,0
1607,0
1608,0
1609,0
1610,0
1611,0
1613,0
1614,1
1615,0
1617,1
1618,0
1619,0
1621,1
1622,0
1623,0
1625,1
1626,0
1627,0
1628,0
1631,1
1632,1
1633,1
1634,1
1636,1
1637,1
1638,1
1639,1
1643,1
1644,1
1645,1
1646,1
1647,1
1648,1
1649,1
1650,1
1652,1
1653,1
1654,1
1657,1
1658,1
1660,1
1661,1
1662,1
1663,1
1665,1
1666,0
1669,1
1670,1
1671,0
1672,1
1673,1
1675,1
1676,1
1677,1
1679,1
1683,1
1684,1
1686,1
1687,1
1688,1
1689,1
1690,1
1691,0
1692,1
1693,1
1694,1
1698,0
1699,1
1700,1
1701,1
1702,1
1703,1
1705,1
1706,1
1707,1
1709,1
1710,1
1712,1
1715,1
1716,1
1718,0
1719,0
1720,0
1721,1
1722,0
1723,1
1724,0
1725,0
1726,0
1727,1
1728,1
1731,0
1733,0
1735,1
1737,0
1739,0
1740,0
1741,1
1744,0
1745,0
1747,0
1750,1
1752,1
1753,1
1754,1
1755,0
1756,0
1757,0
1759,0
1760,0
1761,1
1762,0
1763,0
1766,0
1767,1
1768,1
1769,1
1770,1
1771,0
1772,1
1773,0
1774,1
1775,1
1776,1
1779,0
1780,1
1784,0
1786,1
1787,0
1789,1
1790,1
1791,1
1792,1
1796,1
1798,0
1799,0
1802,1
1803,1
1804,0
1807,1
1808,0
1809,1
1810,1
1811,0
1812,0
1813,0
1814,1
1815,1
1816,1
1817,1
1818,1
1821,0
1822,1
1823,0
1824,0
1826,0
1827,0
1831,0
1832,0
1833,0
1834,0
1835,0
1836,0
1837,0
1838,0
1840,0
1841,0
1842,0
1845,0
1847,0
1848,0
1851,0
1852,0
1853,0
1856,0
1857,0
1860,0
1861,1
1863,0
1864,0
1865,0
1866,0
1869,0
1870,1
1873,0
1875,0
1877,0
1878,0
1880,1
1881,0
1882,0
1883,0
1885,1
1886,0
1887,0
1888,0
1889,0
1890,1
1892,0
1893,0
1895,0
1897,0
1898,0
1899,0
1900,0
1901,0
1905,0
1908,0
1909,0
1910,0
1911,0
1914,1
1915,1
1916,0
1917,0
1918,0
1919,0
1920,0
1921,1
1922,1
1924,0
1925,0
1927,1
1929,1
1932,0
1933,0
1935,0
1937,1
1938,1
1939,0
1940,0
1941,0
1942,0
1943,1
1945,0
1948,0
1949,0
1950,0
1951,0
1952,1
1953,0
1954,1
1955,0
1956,0
1957,1
1959,1
1960,1
1961,1
1962,1
1963,0
1965,0
1966,1
1967,0
1968,1
1969,0
1971,1
1972,0
1973,0
1975,0
1976,1
1979,1
1980,1
1981,0
1983,1
1985,0
1986,0
1987,0
1989,1
1990,1
1991,0
1992,1
1994,0
1995,1
1996,1
1999,0
2000,1
2001,1
2003,1
2006,0
2007,1
2009,0
2010,1
2012,0
2014,1
2015,1
2016,1
2017,0
2019,1
2020,0
2022,1
2023,1
2024,1
2026,0
2027,0
2028,0
2031,1
2033,0
2034,0
2035,1
2036,1
2038,1
2039,0
2040,1
2042,0
2043,1
2045,1
2046,0
2047,1
2049,1
2050,0
2051,1
2055,1
2056,0
2057,1
2058,0
2059,1
2060,0
2061,0
2063,0
2064,0
2067,0
2068,1
2069,1
2070,0
2071,0
2073,1
2074,0
2075,0
2076,0
2077,1
2078,1
2081,1
2082,0
2083,0
2084,0
2086,0
2087,0
2089,1
2091,0
2094,1
2095,0
2096,0
2097,0
2098,0
2099,0
2100,1
2102,1
2103,0
2108,1
2109,0
2110,0
2111,0
2112,0
2113,0
2114,0
2115,0
2116,0
2117,0
2118,0
2119,0
2121,1
2122,0
2123,0
2125,0
2126,0
2128,0
2129,0
2131,0
2133,0
2134,0
2136,0
2138,0
2139,0
2141,0
2142,0
2144,1
2145,0
2146,0
2148,0
2149,0
2150,0
2153,1
2154,0
2157,0
2158,0
2159,1
2160,0
2161,1
2163,0
2164,1
2169,1
2171,1
2172,1
2173,1
2174,1
2175,0
2176,0
2177,1
2179,1
2181,0
2183,1
2186,0
2188,1
2189,1
2190,1
2191,0
2192,1
2193,1
2194,0
2195,1
2198,1
2203,0
2204,0
2205,0
2207,0
2209,0
2210,0
2211,1
2212,1
2213,1
2214,0
2215,1
2216,0
2217,0
2219,1
2220,0
2221,1
2222,1
2225,1
2227,1
2229,0
2230,0
2231,0
2233,1
2235,0
2236,0
2237,0
2238,1
2239,1
2240,0
2241,0
2242,1
2244,0
2245,0
2246,0
2248,1
2250,1
2251,1
2254,0
2255,0
2256,0
2257,0
2258,0
2260,0
2262,0
2263,0
2265,0
2266,0
2267,1
2271,0
2272,0
2273,0
2274,0
2275,0
2277,0
2278,0
2279,0
2280,0
2281,0
2282,0
2284,0
2285,0
2286,0
2288,0
2289,1
2292,1
2294,0
2296,0
2297,0
2298,0
2299,0
2300,0
2301,0
2303,0
2304,1
2306,0
2307,0
2308,0
2309,1
2311,1
2312,0
2314,0
2315,1
2317,0
2318,0
2319,0
2321,1
2324,0
2325,0
2327,0
2329,1
2330,1
2332,1
2333,0
2334,0
2336,0
2337,1
2339,0
2340,0
2341,1
2342,0
2346,1
2347,0
2348,1
2349,0
2350,1
2351,1
2352,1
2354,0
2356,0
2358,0
2359,0
2361,0
2362,0
2363,0
2364,0
2366,0
2367,1
2368,0
2370,1
2372,0
2373,0
2374,0
2375,0
2376,0
2377,1
2379,0
2382,0
2385,0
2386,0
2387,0
2388,0
2389,0
2390,0
2391,0
2394,0
2395,0
2396,0
2397,0
2398,0
2399,0
2400,0
2402,0
2406,0
2408,0
2409,0
2410,0
2412,0
2413,0
2414,0
2415,0
2416,0
2417,0
2418,0
2419,0
2420,0
2421,0
2422,0
2423,0
2425,0
2427,0
2428,0
2429,0
2430,0
2432,0
2435,0
2437,0
2438,0
2440,0
2441,0
2442,0
2443,1
2445,0
2446,0
2451,0
2452,0
2453,0
2454,0
2455,0
2456,0
2457,0
2458,1
2459,1
2460,0
2462,0
2463,1
2464,0
2465,0
2466,1
2467,1
2468,1
2470,1
2471,1
2475,0
2476,1
2478,0
2479,0
2480,1
2482,0
2483,1
2485,0
2486,1
2487,0
2488,1
2489,1
2490,0
2491,1
2492,0
2493,1
2494,0
2496,0
2497,1
2498,1
2499,1
2500,1
2501,0
2502,0
2504,1
2505,0
2506,1
2507,1
2508,1
2510,1
2512,1
2513,1
2514,0
2515,1
2516,1
2517,1
2519,1
2520,0
2521,0
2523,0
2524,1
2527,1
2528,1
2530,1
2531,0
2532,0
2534,1
2535,1
2536,1
2537,1
2538,0
2539,1
2540,1
2541,1
2542,0
2543,1
2544,1
2545,1
2546,1
2547,1
2548,1
2550,0
2552,0
2553,0
2554,0
2555,0
2556,0
2557,0
2559,0
2560,0
2561,0
2564,0
2565,1
2566,1
2568,0
2569,0
2570,1
2571,1
2572,0
2573,0
2575,1
2576,0
2579,0
2582,0
2585,0
2587,0
2588,1
2590,0
2591,0
2592,0
2593,1
2594,0
2597,1
2598,1
2599,0
2602,0
2603,0
2604,1
2605,0
2606,0
2608,1
2609,1
2611,0
2612,1
2614,1
2616,0
2617,1
2619,0
2621,0
2622,0
2624,0
2625,0
2627,1
2628,0
2629,1
2631,1
2632,0
2633,1
2635,0
2637,1
2640,0
2641,0
2642,0
2643,0
2644,0
2645,0
2647,1
2648,1
2649,0
2651,1
2655,0
2656,0
2657,0
2658,0
2659,0
2660,0
2661,0
2663,0
2664,0
2666,0
2667,0
2668,0
2670,0
2671,0
2672,0
2673,0
2675,0
2676,0
2677,0
2679,0
2680,0
2682,0
2683,0
2684,0
2687,0
2688,0
2689,0
2691,0
2692,0
2693,0
2694,0
2695,0
2696,0
2698,0
2700,0
2701,0
2702,0
2703,0
2706,0
2707,0
2708,0
2709,0
2711,0
2714,0
2715,0
2719,0
2720,0
2723,0
2724,0
2725,0
2726,0
2727,0
2728,0
2729,0
2730,0
2731,0
2732,0
2733,0
2734,0
2736,0
2739,0
2740,0
2741,0
2743,0
2744,0
2748,0
2749,0
2752,0
2753,0
2755,1
2756,0
2757,0
2758,0
2759,0
2760,1
2761,0
2763,0
2765,0
2766,0
2767,0
2768,0
2769,0
2770,0
2771,0
2773,0
2774,0
2777,0
2778,0
2780,0
2782,0
2783,0
2784,0
2785,0
2786,0
2787,0
2788,0
2792,0
2793,0
2794,0
2795,0
2796,0
2797,0
2799,0
2801,0
2802,0
2803,0
2807,0
2808,0
2811,0
2813,0
2815,0
2817,0
2819,1
2820,1
2821,1
2822,1
2825,1
2826,1
2827,1
2828,0
2829,0
2830,0
2831,1
2832,1
2833,1
2835,0
2836,0
2838,0
2839,0
2841,1
2842,1
2843,0
2844,0
2846,0
2849,1
2851,1
2852,0
2853,0
2854,0
2855,0
2856,0
2857,1
2858,0
2860,0
2861,0
2863,1
2864,0
2865,0
2866,0
2867,0
2869,1
2870,0
2871,0
2872,1
2873,0
2875,0
2877,0
2878,1
2879,1
2880,0
2881,0
2882,0
2883,1
2884,1
2885,0
2886,0
2887,0
2888,0
2889,1
2890,0
2891,0
2893,1
2895,0
2896,0
2898,0
2899,0
2900,1
2902,0
2905,0
2907,0
2908,0
2909,0
2910,0
2911,1
2912,0
2913,0
2915,0
2916,0
2917,0
2920,0
2921,0
2922,0
2924,0
2925,0
2927,0
2929,0
2931,0
2932,0
2933,0
2934,0
2935,0
2936,0
2937,0
2939,0
2941,0
2942,0
2943,1
2944,0
2945,0
2946,0
2947,0
2948,0
2950,0
2952,0
2953,0
2954,1
2955,0
2956,0
2957,0
2959,0
2960,0
2963,0
2965,0
2969,0
2970,0
2971,0
2973,1
2974,0
2975,0
2976,0
2980,0
2982,1
2983,0
2984,0
2987,0
2988,0
2990,0
2991,1
2992,0
2993,1
2995,0
2998,0
3000,0
3001,0
3003,0
3004,0
3005,0
3006,0
3009,0
3010,1
3011,0
3012,0
3013,0
3014,0
3015,0
3016,0
3018,0
3019,1
3021,0
3022,0
3023,0
3025,0
3026,1
3027,0
3029,0
3030,0
3034,0
3036,0
3037,0
3038,0
3039,0
3042,0
3043,0
3044,0
3045,0
3047,0
3048,0
3049,0
3051,0
3052,1
3053,1
3054,0
3055,0
3056,0
3057,1
3058,1
3059,0
3060,1
3061,1
3062,1
3064,0
3066,1
3068,0
3070,1
3071,0
3072,0
3073,1
3074,0
3075,1
3077,1
3079,1
3080,0
3082,1
3083,0
3084,1
3085,0
3086,1
3089,1
3090,1
3091,0
3092,1
3093,1
3095,1
3097,1
3099,0
3100,1
3101,0
3102,0
3104,1
3105,1
3106,1
3107,1
3108,1
3109,1
3111,1
3112,1
3114,1
3115,1
3116,1
3117,1
3118,1
3119,1
3120,1
3122,1
3123,1
3124,1
3125,1
3126,1
3130,1
3131,1
3132,1
3133,1
3134,1
3136,1
3137,1
3138,1
3139,1
3140,1
3141,1
3142,1
3144,1
3145,1
3147,1
3150,1
3152,1
3153,0
3154,0
3155,0
3157,0
3158,0
3159,0
3161,0
3162,0
3163,0
3165,1
3166,0
3167,0
3168,0
3170,0
3171,0
3172,0
3173,0
3174,0
3175,0
3176,0
3177,0
3179,0
3180,0
3181,0
3182,0
3183,0
3184,0
3185,0
3186,0
3188,0
3189,0
3190,0
3191,0
3192,0
3193,0
3195,0
3196,0
3197,0
3198,0
3199,0
3200,0
3201,0
3205,0
3210,0
3211,0
3212,1
3216,0
3217,0
3218,0
3219,0
3221,0
3222,0
3225,0
3227,0
3229,0
3231,0
3235,0
3236,1
3237,0
3239,0
3240,0
3241,0
3242,0
3243,0
3244,0
3245,0
3248,1
3249,0
3252,1
3253,0
3255,0
3256,0
3259,0
3260,0
3262,0
3263,0
3264,0
3265,0
3266,0
3270,0
3274,0
3275,0
3276,0
3277,0
3278,0
3280,1
3281,0
3282,0
3283,0
3284,0
3285,0
3286,1
3287,0
3288,0
3289,0
3292,0
3295,0
3296,0
3297,0
3299,0
3300,0
3301,0
3302,0
3303,0
3304,0
3308,0
3309,0
3311,0
3312,0
3317,0
3318,0
3319,0
3320,0
3322,0
3323,0
3324,0
3328,0
3329,0
3334,1
3335,0
3336,0
3337,1
3338,0
3339,0
3340,0
3341,0
3342,0
3345,0
3346,0
3347,1
3351,1
3355,1
3356,0
3357,0
3359,0
3361,0
3362,0
3363,0
3364,0
3365,0
3367,1
3368,1
3369,0
3370,1
3372,0
3373,1
3376,1
3377,0
3379,1
3380,0
3381,0
3383,0
3387,1
3388,0
3389,0
3390,0
3391,1
3393,0
3394,0
3395,0
3396,1
3397,0
3398,0
3400,0
3401,1
3402,0
3403,0
3404,1
3405,0
3406,0
3408,0
3410,0
3411,0
3412,1
3413,1
3414,0
3415,1
3417,1
3418,0
3419,1
3421,0
3423,1
3425,0
3428,0
3429,1
3430,0
3431,1
3432,1
3433,1
3435,0
3436,1
3437,1
3439,1
3440,0
3445,0
3446,1
3447,0
3448,0
3450,0
3451,1
3452,0
3455,1
3459,1
3460,0
3462,0
3463,1
3464,0
3465,1
3466,0
3468,1
3469,1
3470,1
3471,1
3472,0
3473,1
3474,1
3475,0
3476,0
3477,1
3478,0
3480,1
3481,0
3482,0
3483,1
3484,0
3485,0
3486,1
3487,1
3489,1
3490,0
3492,0
3493,0
3494,1
3495,1
3497,1
3498,1
3499,0
3500,1
3501,1
3503,1
3504,1
3505,1
3506,0
3508,1
3509,1
3510,1
3512,1
3513,1
3514,1
3517,1
3518,1
3519,1
3520,1
3521,1
3522,1
3523,1
3524,1
3525,0
3526,1
3527,1
3528,1
3529,1
3530,1
3531,1
3532,1
3533,1
3534,1
3535,0
3536,1
3537,1
3540,1
3542,1
3543,1
3544,1
3548,1
3549,1
3550,1
3552,1
3554,0
3555,0
3557,0
3560,0
3565,0
3566,0
3567,0
3568,0
3569,0
3570,0
3572,0
3573,0
3575,0
3578,1
3581,0
3582,0
3583,0
3584,0
3585,0
3587,0
3588,0
3589,0
3591,0
3592,0
3593,0
3594,0
3595,0
3596,0
3597,0
3598,0
3602,0
3603,0
3604,0
3607,0
3608,0
3609,0
3610,0
3611,0
3613,0
3617,0
3618,0
3619,0
3621,0
3623,0
3625,0
3626,0
3627,0
3628,0
3629,0
3631,0
3632,0
3633,0
3634,0
3635,1
3636,0
3637,0
3638,0
3639,0
3640,0
3641,0
3642,0
3643,0
3645,0
3646,0
3647,0
3648,1
3650,0
3652,0
3653,0
3655,0
3656,0
3657,0
3658,0
3659,0
3660,0
3661,0
3662,0
3663,0
3664,0
3666,0
3667,0
3669,0
3670,0
3674,0
3675,0
3676,0
3679,1
3680,0
3681,0
3682,0
3683,0
3684,1
3685,0
3686,0
3689,0
3690,1
3691,0
3692,0
3694,0
3695,0
3696,0
3697,0
3700,0
3702,0
3704,0
3705,0
3708,0
3710,0
3712,0
3713,0
3715,1
3717,1
3718,0
3719,0
3721,1
3722,0
3723,0
3724,0
3725,1
3726,0
3727,0
3729,0
3730,0
3735,1
3736,1
3737,0
3738,0
3739,0
3741,0
3742,0
3743,0
3744,0
3745,1
3747,0
3748,1
3750,0
3752,0
3753,0
3754,0
3756,0
3758,0
3759,0
3760,0
3761,0
3763,0
3764,0
3765,0
3766,0
3768,0
3770,1
3771,0
3772,0
3773,0
3774,0
3775,0
3776,0
3777,0
3778,0
3780,0
3785,0
3786,0
3787,0
3788,0
3789,0
3793,0
3795,1
3796,0
3797,0
3798,0
3800,1
3802,0
3803,0
3805,0
3806,0
3807,0
3810,0
3812,1
3814,0
3815,0
3816,0
3819,1
3820,0
3821,0
3822,0
3824,1
3825,0
3826,0
3827,0
3828,0
3829,0
3830,0
3831,0
3832,0
3833,0
3834,0
3835,0
3836,0
3837,0
3838,0
3839,0
3840,0
3841,0
3842,0
3845,0
3848,0
3849,0
3850,0
3851,0
3853,0
3855,0
3857,0
3858,0
3859,0
3860,0
3861,0
3862,0
3864,0
3866,0
3868,0
3869,0
3870,0
3873,0
3874,0
3875,0
3876,0
3877,1
3879,0
3887,0
3888,0
3889,0
3892,0
3893,1
3894,0
3895,1
3896,0
3897,0
3899,0
3900,0
3901,1
3903,0
3904,0
3905,1
3906,1
3907,1
3908,1
3911,1
3913,1
3914,1
3916,1
3917,0
3919,1
3921,0
3922,0
3923,0
3924,0
3926,0
3927,0
3932,0
3933,1
3935,0
3936,0
3937,1
3938,0
3940,0
3944,0
3945,0
3947,1
3948,0
3949,0
3950,0
3951,0
3952,1
3953,0
3954,1
3955,1
3956,1
3957,1
3958,1
3959,0
3960,1
3961,1
3962,1
3964,1
3967,1
3968,1
3969,0
3970,1
3973,0
3975,0
3977,1
3979,1
3980,0
3982,1
3983,1
3984,1
3989,0
3990,1
3992,1
3993,1
3994,1
3995,1
3996,1
3997,0
3998,0
4000,1
4003,0
4005,0
4006,0
4008,0
4010,0
4011,1
4012,0
4014,0
4017,1
4018,0
4019,0
4020,0
4021,1
4022,1
4024,1
4025,1
4026,1
4027,0
4028,0
4029,0
4030,0
4032,1
4033,0
4034,0
4038,0
4039,0
4041,0
4042,0
4043,1
4044,1
4045,0
4046,1
4047,0
4049,1
4050,1
4051,1
4052,1
4054,1
4055,0
4057,1
4058,1
4060,0
4061,0
4062,1
4063,1
4064,1
4065,1
4068,1
4072,1
4076,1
4077,1
4078,0
4079,1
4080,1
4081,1
4083,0
4084,1
4085,0
4086,1
4087,1
4088,1
4089,1
4091,1
4092,1
4093,0
4094,1
4095,0
4096,1
4097,0
4098,1
4100,1
4101,1
4103,0
4104,1
4105,0
4107,1
4108,1
4111,1
4112,1
4113,1
4114,1
4116,0
4117,0
4119,1
4121,1
4122,1
4123,1
4124,1
4127,1
4128,1
4129,0
4131,0
4132,1
4133,1
4135,1
4138,1
4139,1
4140,0
4141,0
4142,1
4143,1
4145,1
4146,0
4147,0
4149,0
4150,0
4152,0
4153,0
4154,0
4156,0
4157,0
4158,0
4159,0
4160,0
4161,0
4163,0
4164,0
4166,0
4167,0
4168,0
4170,0
4171,0
4172,0
4173,0
4175,0
4176,0
4177,0
4178,0
4180,0
4181,0
4182,0
4183,0
4184,0
4189,0
4191,0
4197,0
4198,0
4199,0
4200,0
4201,1
4202,0
4203,0
4204,0
4205,0
4206,0
4209,0
4210,0
4211,1
4212,1
4213,0
4214,0
4216,0
4218,1
4219,0
4220,1
4221,0
4224,0
4225,1
4227,0
4230,0
4232,0
4233,0
4235,1
4237,0
4238,1
4239,0
4240,0
4241,1
4242,0
4243,1
4244,0
4245,0
4246,0
4247,0
4248,0
4250,0
4251,0
4252,0
4253,0
4255,1
4256,0
4257,0
4260,0
4261,0
4262,0
4264,0
4265,0
4266,0
4268,0
4269,0
4270,0
4271,1
4272,0
4273,0
4274,0
4275,0
4276,0
4279,0
4281,0
4282,0
4284,0
4288,0
4289,0
4292,1
4293,0
4295,0
4296,0
4297,0
4298,0
4299,1
4300,1
4301,1
4303,1
4304,1
4305,0
4306,1
4307,0
4309,1
4312,0
4313,0
4314,0
4317,1
4318,1
4320,1
4321,0
4322,1
4323,0
4324,0
4325,0
4326,0
4327,0
4328,1
4329,1
4330,1
4332,0
4333,1
4334,0
4335,1
4336,1
4337,0
4341,0
4342,1
4343,1
4345,0
4348,1
4349,1
4350,1
4351,1
4352,0
4353,1
4354,1
4355,0
4356,0
4357,1
4358,1
4359,1
4361,1
4362,1
4363,1
4365,1
4366,0
4368,0
4372,1
4373,1
4374,1
4375,1
4376,1
4377,1
4378,1
4379,0
4381,1
4382,1
4383,0
4384,1
4385,1
4387,1
4388,0
4391,1
4392,1
4393,1
4395,0
4396,1
4397,0
4398,0
4401,0
4402,0
4403,0
4405,0
4406,0
4407,0
4408,0
4410,0
4411,0
4412,0
4413,0
4415,0
4416,0
4421,0
4423,0
4424,0
4425,0
4426,0
4427,0
4428,0
4430,0
4432,0
4435,0
4436,0
4437,0
4438,0
4440,0
4441,0
4442,0
4444,0
4445,0
4448,0
4449,1
4450,0
4451,0
4452,0
4454,0
4455,0
4456,0
4457,0
4458,0
4459,1
4463,1
4464,0
4465,0
4466,0
4468,0
4470,0
4471,0
4472,1
4476,0
4478,0
4479,0
4480,0
4482,0
4486,0
4487,1
4488,1
4489,0
4490,1
4491,0
4492,0
4493,0
4494,0
4496,1
4498,0
4499,0
4503,1
4504,0
4507,0
4508,0
4509,0
4511,0
4514,1
4515,0
4516,0
4517,1
4518,0
4519,0
4520,0
4521,0
4522,1
4523,1
4524,0
4525,0
4526,1
4527,0
4528,0
4529,0
4530,0
4531,0
4533,1
4534,0
4537,1
4538,0
4539,1
4541,0
4542,1
4543,0
4544,0
4546,1
4547,0
4548,0
4549,1
4550,0
4551,0
4553,1
4556,0
4557,0
4561,0
4562,1
4563,1
4564,0
4565,0
4567,0
4568,1
4569,1
4571,1
4573,0
4575,1
4576,0
4577,0
4578,0
4579,0
4580,0
4582,0
4584,0
4585,1
4587,1
4588,1
4589,0
4590,0
4592,1
4593,1
4595,1
4596,1
4597,1
4598,0
4599,0
4600,0
4601,0
4602,1
4604,0
4606,0
4607,0
4608,0
4609,0
4610,0
4611,0
4614,0
4616,0
4617,0
4619,0
4620,1
4622,0
4624,1
4625,0
4627,1
4628,0
4630,0
4631,0
4632,1
4634,0
4635,0
4637,0
4639,0
4641,1
4642,0
4644,0
4646,0
4649,0
4650,1
4655,1
4656,0
4657,1
4658,1
4659,0
4661,1
4664,0
4666,0
4667,0
4669,0
4670,0
4671,1
4672,0
4673,0
4674,0
4675,0
4677,0
4678,0
4679,0
4680,0
4681,0
4682,1
4684,0
4687,0
4688,0
4689,1
4690,0
4691,0
4692,1
4693,1
4694,1
4695,0
4696,1
4697,0
4698,0
4699,0
4700,0
4702,0
4703,0
4704,1
4705,0
4706,1
4707,0
4708,0
4709,0
4710,0
4711,0
4712,1
4713,1
4714,1
4715,0
4716,0
4717,1
4719,0
4720,1
4722,0
4723,1
4724,0
4725,0
4726,0
4729,0
4730,0
4731,1
4732,0
4734,0
4735,0
4736,0
4737,0
4738,0
4739,1
4740,1
4742,1
4744,0
4745,1
4747,0
4748,0
4749,1
4750,1
4752,0
4753,0
4754,0
4755,0
4757,0
4758,0
4759,0
4760,0
4762,0
4765,1
4766,1
4768,1
4769,1
4770,1
4771,1
4773,1
4774,1
4775,1
4777,1
4778,1
4779,1
4782,0
4783,0
4784,1
4785,1
4786,1
4787,1
4788,1
4789,1
4790,1
4791,1
4793,1
4794,0
4795,1
4797,1
4798,0
4799,1
4800,1
4802,0
4803,0
4807,1
4808,1
4809,1
4810,1
4812,1
4813,1
4814,1
4819,1
4820,1
4821,1
4823,1
4825,1
4826,0
4828,1
4829,1
4830,1
4831,0
4832,1
4833,1
4834,1
4835,0
4836,1
4840,1
4842,1
4843,1
4844,0
4845,0
4846,1
4847,0
4848,1
4849,1
4850,1
4852,1
4853,1
4854,1
4856,0
4857,0
4858,0
4859,1
4860,1
4864,0
4866,0
4867,0
4868,0
4869,0
4870,0
4872,0
4874,0
4875,0
4876,0
4877,0
4878,0
4879,0
4881,0
4882,0
4883,0
4884,0
4887,0
4888,0
4889,0
4890,0
4891,0
4892,0
4893,0
4894,0
4895,0
4896,0
4897,0
4898,0
4899,0
4900,0
4901,0
4903,0
4905,0
4906,0
4908,0
4909,0
4910,0
4911,0
4912,0
4913,1
4914,0
4915,0
4917,0
4918,0
4919,1
4920,0
4922,0
4923,0
4924,1
4926,0
4929,0
4931,0
4934,0
4935,0
4936,0
4938,0
4940,0
4943,0
4944,0
4945,0
4946,0
4948,0
4951,0
4952,0
4953,0
4954,0
4955,0
4957,1
4958,0
4959,0
4961,0
4962,1
4964,1
4966,1
4967,1
4968,1
4969,0
4970,0
4971,0
4972,1
4973,0
4974,1
4975,1
4978,1
4979,0
4980,0
4981,0
4982,0
4983,1
4984,0
4985,0
4986,0
4988,1
4989,0
4990,0
4992,0
4993,0
4995,0
4996,1
4997,0
4998,1
5000,0
5001,0
5002,0
5004,0
5005,1
5007,0
5008,0
5010,0
5013,0
5015,0
5016,0
5017,0
5018,1
5019,1
5022,1
5024,1
5025,0
5027,0
5028,0
5029,0
5032,1
5033,0
5034,1
5035,1
5037,1
5038,0
5039,1
5040,1
5041,0
5043,0
5044,0
5046,1
5047,0
5049,0
5050,0
5052,0
5055,0
5056,0
5059,0
5060,0
5061,1
5062,0
5063,1
5064,1
5065,0
5067,0
5068,0
5069,0
5071,1
5072,0
5073,1
5074,0
5075,1
5076,1
5078,0
5079,0
5080,0
5082,1
5083,1
5085,1
5087,1
5088,0
5089,1
5092,1
5094,1
5095,0
5096,0
5097,0
5098,1
5099,1
5101,0
5102,1
5103,0
5104,1
5105,0
5106,1
5107,0
5109,0
5110,1
5113,1
5114,0
5115,1
5116,0
5117,1
5119,1
5120,0
5122,1
5124,0
5125,1
5126,0
5127,1
5128,0
5130,1
5131,1
5132,1
5134,1
5135,1
5136,1
5137,1
5138,1
5139,0
5140,1
5141,0
5142,1
5144,1
5145,1
5146,0
5148,1
5149,0
5150,0
5152,1
5153,1
5154,1
5155,1
5157,1
5159,1
5160,1
5162,1
5164,1
5165,0
5166,0
5168,0
5169,1
5170,0
5171,1
5172,1
5174,0
5175,0
5176,0
5177,1
5178,1
5179,0
5180,0
5181,1
5182,0
5183,0
5184,0
5185,0
5186,0
5187,0
5188,0
5189,1
5190,1
5191,1
5192,1
5193,0
5194,0
5195,0
5196,1
5197,0
5198,1
5199,0
5200,0
5201,1
5202,1
5203,1
5204,0
5206,0
5207,1
5208,1
5209,1
5210,1
5211,0
5212,0
5213,0
5218,0
5219,0
5220,0
5221,0
5222,1
5223,0
5224,0
5226,0
5227,0
5228,1
5229,0
5230,0
5231,0
5232,0
5233,0
5234,1
5235,0
5236,0
5238,0
5242,0
5243,0
5244,0
5245,0
5247,1
5248,0
5249,0
5251,0
5252,1
5254,0
5255,0
5256,0
5257,1
5259,0
5260,0
5262,0
5263,0
5264,0
5265,0
5266,0
5267,0
5269,0
5270,0
5271,0
5272,0
5273,0
5274,0
5276,0
5278,0
5280,0
5281,0
5282,1
5283,1
5284,0
5285,0
5286,0
5287,0
5290,0
5291,0
5292,0
5293,0
5295,0
5296,0
5297,0
5298,0
5299,0
5300,0
5301,0
5302,0
5304,0
5305,0
5306,0
5308,0
5309,0
5310,0
5313,0
5315,0
5316,0
5317,0
5319,1
5320,0
5321,0
5322,0
5323,0
5324,0
5325,0
5326,0
5328,0
5330,0
5331,0
5332,0
5335,0
5336,0
5337,0
5338,0
5339,0
5341,0
5342,0
5343,0
5344,0
5345,1
5346,0
5347,0
5349,0
5350,0
5351,0
5352,0
5353,1
5354,0
5355,0
5356,0
5357,0
5359,0
5362,1
5365,0
5366,0
5367,1
5368,1
5371,1
5372,1
5373,1
5375,1
5377,1
5378,1
5379,1
5380,0
5381,0
5382,1
5383,1
5384,0
5385,0
5386,1
5387,1
5389,1
5391,0
5392,1
5396,1
5397,1
5400,1
5403,1
5404,0
5406,0
5407,0
5408,1
5409,1
5410,1
5411,0
5412,1
5413,0
5416,0
5417,0
5418,0
5420,1
5423,0
5425,1
5426,0
5428,1
5430,1
5432,0
5437,0
5439,0
5442,0
5443,0
5444,0
5445,1
5446,0
5448,0
5449,0
5450,1
5452,0
5454,1
5455,0
5458,1
5459,1
5460,0
5461,1
5462,0
5465,0
5466,0
5467,0
5468,0
5469,0
5471,0
5473,0
5475,0
5476,0
5477,0
5479,0
5480,0
5481,0
5482,0
5484,1
5485,0
5486,1
5487,0
5488,0
5489,0
5491,1
5492,0
5493,0
5494,1
5495,0
5496,0
5497,0
5498,0
5499,0
5501,0
5502,0
5503,1
5505,1
5506,0
5507,0
5509,0
5510,1
5514,0
5515,0
5517,0
5518,0
5519,0
5520,0
5521,0
5522,1
5524,1
5525,0
5526,0
5528,0
5529,0
5531,0
5532,0
5534,1
5535,0
5538,0
5539,0
5540,0
5541,0
5544,0
5545,1
5547,0
5548,0
5552,0
5553,0
5554,0
5555,0
5556,0
5557,0
5558,0
5559,0
5560,0
5561,0
5563,1
5564,0
5565,0
5567,1
5569,1
5570,0
5573,0
5575,0
5576,0
5577,0
5578,0
5579,0
5580,0
5581,0
5582,0
5584,0
5586,1
5587,0
5588,0
5589,1
5590,1
5592,0
5593,1
5594,1
5595,0
5598,0
5599,0
5600,1
5602,0
5603,0
5604,1
5605,1
5608,1
5609,0
5611,1
5612,1
5613,1
5614,0
5617,1
5618,1
5619,0
5620,1
5621,1
5622,1
5624,1
5625,1
5626,1
5627,0
5628,1
5629,0
5631,0
5632,0
5633,0
5634,0
5635,1
5638,0
5641,1
5642,0
5644,0
5645,1
5646,1
5647,0
5650,1
5651,0
5652,1
5653,1
5654,0
5655,0
5656,1
5657,1
5658,1
5659,0
5661,1
5662,0
5663,1
5664,1
5665,0
5668,0
5669,1
5670,1
5671,0
5672,1
5673,0
5674,0
5675,0
5676,1
5677,1
5680,1
5683,1
5684,0
5685,0
5686,1
5687,0
5688,1
5689,1
5690,1
5692,1
5693,1
5694,1
5695,1
5698,0
5699,0
5703,1
5704,1
5705,0
5706,1
5707,0
5710,0
5711,1
5712,1
5713,0
5714,0
5715,1
5716,1
5717,1
5719,0
5720,1
5721,0
5722,1
5724,0
5726,1
5727,0
5729,1
5730,0
5732,1
5733,0
5734,0
5736,0
5739,1
5740,0
5741,0
5743,1
5744,1
5745,1
5746,1
5748,0
5751,1
5752,1
5753,0
5754,1
5757,1
5758,0
5759,0
5760,1
5763,1
5764,1
5765,1
5766,1
5769,1
5771,0
5772,1
5775,1
5776,1
5777,1
5778,1
5780,1
5781,1
5783,0
5784,1
5789,0
5790,0
5791,0
5792,0
5793,1
5794,1
5795,1
5797,1
5798,0
5799,0
5800,1
5801,0
5803,1
5804,0
5805,0
5807,0
5808,0
5812,0
5814,0
5815,1
5816,0
5817,1
5818,1
5819,1
5821,0
5822,0
5824,1
5825,1
5826,1
5827,0
5828,0
5829,1
5832,0
5833,1
5834,1
5835,1
5836,0
5837,0
5840,1
5841,0
5842,0
5843,1
5845,1
5847,1
5848,1
5849,1
5850,1
5853,0
5854,1
5855,1
5856,1
5858,0
5861,1
5863,0
5864,1
5867,0
5868,1
5869,0
5870,1
5873,1
5874,1
5875,1
5876,1
5881,1
5882,1
5883,1
5884,1
5885,0
5886,0
5887,0
5888,0
5889,0
5890,0
5891,0
5892,0
5893,0
5894,0
5896,0
5898,0
5899,0
5900,0
5901,0
5902,0
5903,0
5904,0
5905,0
5906,0
5907,0
5908,0
5909,0
5911,0
5912,0
5913,0
5916,0
5918,0
5919,0
5920,0
5921,0
5922,0
5923,0
5925,0
5927,0
5928,0
5929,0
5930,0
5932,0
5933,0
5934,0
5935,0
5937,0
5938,0
5939,0
5942,0
5943,0
5944,0
5947,0
5949,1
5950,1
5952,0
5953,0
5954,0
5955,1
5956,0
5957,0
5958,0
5959,0
5960,0
5961,0
5962,1
5963,1
5964,0
5965,0
5966,0
5972,0
5974,0
5975,1
5978,0
5979,0
5980,0
5981,0
5982,0
5983,1
5985,0
5987,1
5988,1
5989,1
5990,1
5991,0
5992,1
5995,0
5996,1
5997,0
5998,1
5999,1
6000,0
6001,0
6002,1
6003,1
6004,0
6007,1
6009,0
6012,0
6013,0
6015,1
6017,0
6019,1
6020,0
6022,0
6023,1
6024,0
6026,1
6027,1
6030,1
6031,1
6032,0
6033,1
6034,1
6036,1
6037,0
6038,1
6039,0
6041,1
6043,1
6045,0
6047,1
6048,1
6049,1
6050,1
6051,1
6053,1
6055,0
6056,1
6057,1
6058,1
6059,0
6060,0
6061,0
6064,1
6065,0
6066,0
6069,1
6070,1
6071,0
6072,1
6073,1
6074,0
6075,0
6076,0
6078,1
6083,0
6084,1
6085,0
6086,0
6087,0
6088,0
6090,0
6091,0
6092,0
6093,0
6094,0
6096,0
6097,0
6098,0
6099,0
6100,0
6102,0
6103,0
6104,0
6105,0
6106,0
6108,0
6109,0
6110,0
6111,0
6112,0
6113,0
6115,0
6116,0
6118,0
6119,0
6120,0
6123,0
6125,0
6126,0
6127,0
6128,0
6130,0
6132,0
6133,0
6134,0
6135,1
6137,0
6138,1
6140,0
6141,0
6145,0
6146,0
6147,0
6148,1
6150,1
6151,1
6152,0
6153,0
6154,1
6156,1
6159,1
6160,1
6162,0
6163,0
6164,1
6165,1
6166,0
6167,0
6169,1
6170,1
6171,1
6173,0
6174,1
6175,0
6178,1
6181,1
6183,1
6184,0
6185,1
6187,1
6188,1
6191,0
6192,1
6193,0
6195,1
6196,1
6197,1
6198,1
6199,0
6200,0
6201,1
6202,0
6203,0
6206,0
6207,0
6208,1
6211,1
6213,1
6215,1
6216,1
6217,1
6218,1
6219,1
6220,0
6222,1
6223,0
6224,0
6226,0
6227,0
6230,0
6232,0
6233,0
6234,1
6240,1
6241,0
6243,0
6244,0
6245,0
6246,0
6247,1
6248,0
6253,0
6254,1
6255,0
6256,0
6257,0
6258,1
6259,0
6261,0
6262,0
6263,0
6265,0
6267,0
6268,1
6269,0
6271,0
6272,0
6273,0
6274,0
6276,0
6277,1
6278,1
6281,1
6282,0
6283,0
6292,1
6293,0
6294,0
6296,0
6297,1
6299,1
6300,0
6301,0
6302,0
6303,1
6304,0
6305,0
6306,0
6310,1
6311,0
6312,1
6314,1
6315,0
6317,1
6318,0
6320,0
6322,1
6323,0
6325,0
6326,1
6328,1
6329,1
6330,0
6331,1
6332,0
6334,0
6335,1
6336,1
6337,1
6338,1
6339,1
6340,1
6341,0
6342,1
6343,0
6344,1
6345,1
6346,0
6347,0
6348,1
6349,0
6350,0
6354,1
6355,0
6356,1
6358,1
6361,1
6362,1
6363,1
6365,1
6366,1
6369,1
6370,0
6371,0
6372,1
6373,1
6374,1
6375,1
6376,1
6380,1
6382,1
6383,1
6384,1
6385,0
6386,0
6387,0
6388,1
6389,0
6391,1
6392,0
6393,0
6394,0
6395,0
6396,1
6397,1
6398,0
6399,0
6400,1
6402,1
6403,0
6404,1
6405,1
6406,1
6407,0
6410,0
6412,0
6413,0
6414,0
6415,1
6416,1
6417,1
6418,1
6420,0
6421,1
6422,0
6423,0
6425,0
6427,0
6429,0
6430,0
6434,1
6436,1
6438,1
6440,1
6441,0
6443,1
6445,1
6446,1
6448,1
6449,0
6450,0
6451,0
6452,0
6453,1
6454,1
6455,1
6458,1
6459,0
6461,0
6462,0
6463,0
6464,1
6465,0
6466,0
6467,1
6469,1
6470,1
6472,1
6473,1
6474,0
6477,1
6478,0
6480,1
6481,1
6482,0
6484,1
6485,0
6486,0
6490,0
6491,0
6492,0
6493,0
6494,0
6495,0
6497,0
6499,0
6500,1
6501,1
6504,0
6505,0
6506,1
6510,1
6511,0
6512,0
6513,0
6514,0
6515,0
6516,0
6518,0
6519,1
6520,0
6523,0
6525,0
6527,0
6528,0
6529,0
6530,0
6532,0
6534,0
6535,0
6536,0
6537,1
6540,0
6541,0
6542,0
6543,1
6545,0
6546,0
6547,1
6548,1
6549,0
6550,0
6551,0
6552,0
6553,1
6554,0
6555,0
6556,0
6559,0
6560,0
6561,0
6565,0
6566,1
6567,0
6568,0
6569,0
6570,1
6571,1
6572,0
6573,0
6575,0
6576,0
6577,0
6579,0
6580,0
6582,1
6583,0
6585,0
6586,0
6588,0
6591,0
6593,0
6594,0
6596,0
6597,0
6598,0
6601,0
6602,0
6603,0
6604,0
6605,0
6607,0
6608,0
6610,0
6611,0
6613,0
6614,1
6616,0
6617,0
6619,0
6621,1
6622,0
6624,0
6625,0
6626,0
6627,0
6628,0
6629,0
6630,0
6631,0
6632,0
6634,0
6635,0
6636,0
6637,0
6638,1
6642,1
6643,0
6644,0
6646,0
6647,0
6648,0
6649,1
6653,1
6654,0
6655,0
6656,0
6658,1
6660,0
6661,0
6662,0
6663,1
6664,0
6665,0
6667,0
6668,1
6669,1
6670,0
6672,0
6675,1
6676,0
6678,0
6679,1
6681,1
6682,0
6683,1
6686,1
6687,0
6688,0
6689,0
6690,0
6693,0
6694,0
6695,1
6697,0
6699,0
6700,0
6701,0
6702,0
6703,0
6706,0
6707,0
6708,0
6709,0
6711,0
6712,0
6714,0
6716,0
6719,0
6721,0
6722,0
6723,0
6724,0
6725,0
6726,0
6727,0
6729,0
6730,0
6731,0
6734,0
6735,0
6736,0
6737,0
6738,0
6742,0
6744,0
6745,0
6746,0
6748,0
6749,1
6751,1
6754,0
6756,0
6757,1
6758,1
6759,0
6760,1
6762,1
6764,1
6765,0
6766,0
6767,0
6769,0
6772,1
6773,1
6774,1
6775,0
6776,1
6779,0
6781,0
6783,0
6784,0
6785,0
6787,0
6788,0
6789,1
6790,1
6792,0
6793,1
6794,0
6795,0
6796,0
6799,0
6800,0
6801,0
6802,0
6804,0
6806,0
6807,0
6808,0
6809,0
6810,0
6811,0
6813,0
6814,0
6815,0
6817,0
6819,0
6820,0
6821,0
6823,0
6824,0
6828,0
6830,0
6832,0
6833,0
6834,0
6835,0
6837,0
6839,0
6841,0
6843,0
6844,0
6845,0
6847,0
6848,0
6849,0
6850,1
6852,1
6854,0
6855,0
6857,0
6858,1
6860,1
6861,1
6862,0
6863,1
6864,1
6867,1
6870,1
6872,0
6874,0
6875,1
6876,1
6877,1
6878,0
6879,0
6880,1
6881,0
6882,0
6883,1
6884,0
6885,0
6890,1
6892,1
6893,1
6896,0
6897,0
6898,1
6900,1
6903,1
6905,0
6907,1
6908,0
6909,0
6910,0
6911,0
6912,0
6913,0
6914,0
6915,0
6916,0
6917,0
6918,0
6919,1
6920,1
6921,1
6925,0
6926,0
6928,0
6929,0
6930,0
6931,1
6932,1
6933,0
6935,0
6936,0
6937,1
6939,1
6940,1
6943,1
6945,1
6946,1
6948,1
6949,1
6950,1
6951,0
6953,0
6954,0
6955,1
6956,1
6959,1
6960,1
6961,1
6962,0
6963,0
6965,1
6966,1
6967,1
6970,1
6971,0
6972,1
6973,1
6974,0
6975,1
6977,0
6978,0
6979,0
6980,1
6981,1
6983,0
6984,0
6985,1
6988,1
6990,0
6992,1
6994,0
6996,0
6998,0
6999,0
7001,0
7002,0
7005,0
7006,0
7008,0
7009,0
7010,0
7012,0
7013,0
7015,0
7018,0
7019,0
7021,0
7023,0
7024,0
7025,0
7026,0
7027,0
7029,1
7030,0
7031,0
7032,0
7036,0
7037,0
7039,1
7043,0
7044,0
7046,0
7047,0
7048,0
7050,0
7051,0
7052,0
7053,0
7054,0
7056,0
7058,0
7059,0
7060,0
7061,0
7063,0
7065,0
7068,0
7069,0
7070,0
7071,0
7073,0
7074,0
7075,0
7076,0
7077,0
7078,0
7080,0
7081,0
7086,0
7088,0
7089,0
7091,0
7092,1
7093,0
7095,0
7097,0
7098,0
7104,1
7105,0
7106,1
7108,0
7109,0
7111,0
7112,1
7114,0
7115,0
7116,0
7118,0
7120,1
7121,0
7122,0
7124,1
7125,0
7126,0
7128,1
7129,0
7130,0
7131,0
7132,0
7134,0
7135,1
7136,0
7137,1
7138,0
7140,0
7141,0
7142,0
7144,0
7146,0
7147,0
7148,1
7149,0
7150,0
7154,0
7155,0
7157,0
7158,0
7159,0
7160,0
7161,0
7163,1
7164,0
7165,0
7166,0
7167,0
7168,0
7169,0
7171,0
7173,0
7174,0
7175,0
7176,0
7178,0
7179,0
7180,0
7183,0
7184,1
7185,0
7186,0
7187,0
7188,0
7191,0
7192,0
7193,0
7194,0
7195,0
7196,1
7197,1
7198,1
7199,1
7201,1
7202,1
7203,0
7204,0
7205,0
7206,1
7208,1
7210,1
7211,0
7213,0
7214,0
7215,1
7218,0
7221,0
7223,0
7224,1
7226,0
7227,1
7228,0
7229,1
7230,0
7231,1
7232,0
7234,0
7235,1
7236,0
7241,0
7242,0
7244,0
7247,1
7248,1
7250,1
7251,1
7252,1
7253,1
7254,1
7255,0
7256,0
7260,0
7261,1
7264,0
7265,1
7266,1
7267,1
7268,1
7270,1
7272,1
7274,1
7275,0
7277,1
7278,1
7280,1
7281,1
7283,1
7285,1
7286,1
7287,1
7288,1
7289,1
7290,1
7291,1
7292,0
7294,0
7295,0
7296,0
7297,0
7299,1
7300,0
7301,1
7302,0
7306,0
7307,0
7309,0
7310,0
7311,0
7312,1
7315,1
7316,1
7317,1
7318,1
7319,0
7320,0
7323,0
7324,1
7325,0
7326,0
7328,0
7329,0
7330,0
7331,0
7332,1
7334,1
7335,0
7337,1
7338,0
7340,0
7342,0
7343,0
7344,1
7345,0
7348,0
7350,0
7352,0
7354,0
7355,0
7356,0
7357,0
7358,0
7359,0
7360,0
7361,0
7362,0
7365,0
7366,0
7367,0
7369,0
7371,0
7372,0
7373,0
7374,0
7377,0
7378,0
7380,0
7381,0
7383,0
7386,0
7390,0
7391,0
7392,0
7393,0
7395,0
7397,0
7400,0
7402,0
7403,0
7405,0
7407,0
7408,0
7410,0
7412,0
7413,0
7414,0
7415,0
7416,0
7418,0
7419,0
7421,0
7424,0
7425,0
7426,0
7428,0
7430,0
7431,0
7433,0
7434,0
7437,0
7438,0
7439,0
7442,0
7443,0
7444,0
7446,0
7447,0
7451,0
7452,0
7453,0
7456,0
7457,0
7458,0
7459,0
7461,0
7463,0
7465,0
7467,0
7470,0
7473,0
7474,0
7475,0
7476,0
7477,0
7478,0
7479,0
7480,0
7481,0
7482,0
7488,0
7490,0
7491,0
7493,0
7494,0
7496,1
7497,1
7498,1
7501,1
7502,1
7503,1
7504,1
7505,1
7507,1
7510,1
7512,1
7513,1
7514,1
7515,1
7517,1
7518,1
7519,1
7520,1
7521,1
7522,1
7523,1
7525,1
7526,1
7527,1
7528,1
7529,1
7530,1
7531,1
7532,1
7533,1
7534,1
7535,1
7536,1
7537,1
7540,1
7542,1
7543,1
7544,1
7545,1
7547,1
7548,1
7550,1
7551,1
7552,1
7553,1
7554,1
7555,1
7556,1
7557,1
7558,1
7559,1
7560,1
7561,1
7563,1
7565,1
7566,1
7568,0
7569,1
7570,1
7571,1
7573,1
7576,0
7577,1
7578,1
7579,1
7580,1
7581,1
7582,1
7583,1
7584,1
7585,1
7587,1
7588,1
7589,1
7590,1
7591,1
7593,1
7594,1
7595,0
7598,0
7600,0
7601,0
7602,0
7603,0
7604,0
7605,0
7607,1
7608,0
7609,0
7610,0
7611,0
7612,0
7613,0
7614,0
7616,0
7617,0
7619,0
7621,0
7622,0
7623,0
7626,0
7627,0
7628,0
7630,0
7631,0
7633,0
7634,0
7635,0
7638,0
7639,0
7640,0
7641,0
7642,0
7643,0
7644,0
7645,0
7647,0
7648,0
7649,0
7650,0
7651,0
7652,0
7653,0
7654,0
7656,0
7657,0
7659,0
7661,0
7662,0
7663,0
7668,0
7669,0
7670,1
7671,0
7672,0
7674,0
7675,0
7677,0
7678,0
7679,0
7680,0
7681,0
7683,0
7685,0
7686,0
7687,0
7688,0
7689,0
7691,0
7692,0
7693,0
7694,0
7695,0
7696,0
7698,0
7699,0
7701,0
7702,0
7703,0
7707,0
7711,0
7712,0
7714,0
7715,0
7717,0
7718,0
7719,0
7720,0
7721,0
7722,0
7723,0
7724,0
7725,0
7727,0
7728,0
7731,0
7733,0
7735,0
7736,0
7737,0
7738,0
7739,0
7742,0
7743,0
7744,0
7746,0
7747,1
7748,1
7749,0
7750,0
7751,1
7752,1
7753,0
7754,1
7755,1
7756,1
7758,0
7759,1
7760,1
7761,1
7763,0
7764,0
7765,1
7766,1
7767,1
7768,1
7769,1
7771,1
7772,1
7773,1
7774,1
7775,0
7780,1
7781,1
7783,0
7784,1
7785,1
7787,0
7788,0
7789,1
7790,1
7793,1
7797,0
7799,0
7800,0
7801,0
7802,0
7803,0
7804,0
7807,0
7809,0
7810,0
7812,0
7813,0
7815,0
7816,0
7817,0
7818,0
7821,0
7822,0
7823,0
7824,0
7826,0
7827,0
7828,0
7830,0
7831,0
7832,0
7833,0
7835,0
7837,0
7839,0
7840,0
7842,0
7843,0
7844,0
7847,0
7848,0
7849,0
7850,0
7851,0
7852,1
7854,0
7855,0
7857,1
7860,0
7861,0
7862,0
7863,0
7864,0
7865,1
7867,0
7868,1
7869,1
7870,0
7871,0
7872,0
7873,1
7874,1
7876,0
7877,0
7878,1
7880,1
7881,1
7882,0
7883,0
7885,0
7887,1
7888,1
7889,0
7891,0
7893,0
7894,0
7895,0
7897,0
7898,1
7902,1
7903,1
7905,1
7906,0
7907,1
7908,1
7909,0
7910,1
7912,0
7913,1
7914,1
7915,0
7916,0
7918,1
7923,1
7924,1
7926,0
7929,0
7930,1
7932,0
7933,0
7934,0
7935,1
7936,1
7937,1
7938,0
7939,0
7940,0
7941,0
7943,0
7944,1
7945,0
7949,0
7950,0
7952,1
7953,0
7954,0
7955,1
7957,0
7958,1
7959,1
7960,1
7962,1
7963,1
7965,1
7968,1
7969,1
7970,0
7971,1
7972,1
7973,1
7976,1
7977,1
7978,1
7980,0
7981,1
7982,1
7983,1
7984,1
7987,1
7988,1
7989,1
7990,1
7991,1
7992,0
7994,1
7996,1
7999,1
8000,1
8001,1
8002,1
8003,1
8005,1
8006,1
8008,0
8009,1
8010,1
8012,0
8013,1
8015,0
8016,1
8017,0
8018,1
8019,1
8020,1
8021,0
8023,0
8024,1
8025,0
8026,0
8028,1
8029,0
8030,1
8031,1
8032,0
8034,0
8035,1
8036,1
8037,0
8038,1
8039,0
8040,1
8043,0
8044,1
8045,0
8047,0
8049,1
8055,0
8056,1
8057,0
8058,1
8060,1
8061,0
8062,0
8064,1
8065,0
8066,0
8067,0
8068,0
8069,0
8070,0
8071,0
8073,0
8074,0
8079,0
8081,0
8083,0
8084,1
8085,1
8087,0
8088,0
8089,1
8091,0
8094,0
8095,1
8096,1
8097,1
8098,0
8100,0
8101,0
8102,0
8103,1
8105,0
8106,1
8109,0
8110,1
8111,1
8112,0
8113,1
8116,0
8118,0
8119,0
8120,0
8121,0
8122,0
8125,0
8126,1
8128,1
8129,1
8130,0
8131,1
8133,0
8135,0
8136,0
8137,0
8138,0
8140,1
8141,1
8142,1
8143,1
8144,1
8146,1
8147,1
8149,1
8150,1
8154,0
8155,1
8156,0
8158,1
8159,1
8161,1
8162,1
8163,1
8164,1
8165,0
8168,1
8169,1
8170,1
8171,0
8172,1
8175,1
8176,1
8177,1
8180,1
8181,0
8182,1
8183,1
8184,1
8187,1
8188,1
8189,1
8190,1
8191,1
8195,0
8196,0
8201,0
8202,0
8203,0
8204,0
8205,0
8208,0
8209,0
8210,0
8211,0
8212,0
8213,0
8214,0
8215,0
8216,0
8217,0
8218,0
8219,0
8221,0
8223,0
8224,0
8225,0
8226,0
8231,0
8232,0
8234,0
8235,0
8236,0
8237,0
8238,0
8239,1
8240,0
8241,0
8242,1
8243,0
8244,1
8245,0
8246,0
8247,0
8250,1
8251,0
8252,0
8253,0
8254,0
8256,1
8257,0
8258,0
8259,0
8261,1
8262,1
8264,0
8266,0
8267,1
8270,1
8271,0
8274,0
8276,0
8278,1
8279,0
8280,0
8283,1
8284,0
8285,0
8286,0
8287,0
8288,0
8289,1
8291,1
8292,0
8294,0
8295,0
8296,0
8297,0
8298,0
8300,0
8301,0
8304,0
8309,0
8310,0
8311,1
8312,0
8314,0
8315,1
8317,0
8318,0
8320,0
8321,0
8324,1
8329,0
8330,0
8332,0
8334,0
8335,0
8337,0
8339,0
8341,0
8344,0
8345,0
8346,0
8347,0
8348,0
8349,0
8350,0
8351,0
8352,0
8355,0
8356,0
8360,0
8361,0
8362,0
8363,0
8364,0
8365,0
8366,0
8367,0
8368,0
8369,0
8370,0
8371,0
8372,0
8374,0
8375,0
8377,0
8378,0
8382,0
8383,0
8385,0
8386,0
8387,0
8388,0
8389,0
8390,0
8391,0
8392,0
8393,1
8394,1
8396,0
8397,1
8399,0
8400,1
8401,1
8402,1
8404,1
8405,1
8406,1
8408,1
8409,1
8410,1
8411,1
8412,1
8414,0
8415,1
8416,1
8418,1
8419,1
8422,1
8423,1
8425,0
8428,1
8429,1
8430,1
8431,1
8432,1
8433,1
8434,1
8435,1
8436,0
8437,0
8440,0
8441,1
8443,0
8444,0
8445,0
8446,0
8447,0
8448,0
8450,0
8451,0
8452,0
8453,0
8454,0
8455,0
8457,0
8458,0
8459,0
8461,0
8463,0
8464,0
8468,0
8471,0
8472,0
8473,0
8475,0
8476,0
8477,0
8478,0
8480,0
8483,0
8484,0
8486,0
8487,0
8489,0
8490,0
8491,0
8494,0
8496,0
8497,0
8498,0
8500,0
8502,0
8503,0
8504,0
8505,0
8506,0
8507,0
8508,0
8509,0
8510,0
8511,0
8512,0
8513,0
8514,0
8515,0
8516,0
8517,0
8518,0
8520,0
8522,0
8523,0
8524,0
8526,0
8528,0
8530,0
8531,0
8533,0
8536,0
8538,0
8539,0
8540,0
8541,0
8542,0
8543,0
8545,0
8546,0
8547,0
8550,0
8551,0
8553,0
8555,0
8556,0
8557,0
8558,0
8559,0
8560,0
8561,0
8562,0
8567,0
8570,0
8571,0
8572,0
8574,0
8575,0
8576,0
8577,0
8578,0
8579,0
8580,0
8581,0
8582,0
8584,0
8585,0
8586,0
8587,0
8589,0
8591,0
8595,1
8596,0
8598,1
8599,0
8606,1
8607,0
8608,1
8609,1
8610,0
8612,0
8613,0
8615,1
8618,0
8620,1
8621,0
8622,1
8623,1
8624,0
8625,1
8627,0
8628,0
8631,1
8633,1
8635,0
8636,1
8637,1
8638,1
8639,0
8640,1
8642,0
8643,0
8644,0
8646,0
8647,1
8648,1
8650,1
8651,1
8653,0
8654,1
8655,1
8656,1
8657,1
8658,0
8659,0
8660,0
8661,1
8662,1
8663,1
8664,1
8665,1
8667,1
8668,1
8669,1
8670,0
8673,1
8674,1
8676,1
8677,0
8680,1
8681,1
8683,1
8684,1
8685,0
8686,1
8688,0
8689,1
8690,1
8691,1
8692,0
8693,1
8694,0
8695,0
8696,0
8697,0
8698,0
8699,0
8700,0
8702,0
8704,0
8705,0
8706,0
8708,0
8709,0
8710,1
8711,0
8712,0
8714,0
8715,0
8717,0
8718,0
8720,0
8721,0
8722,0
8723,0
8724,0
8726,0
8727,0
8728,0
8729,0
8732,0
8733,0
8734,0
8735,0
8736,0
8737,0
8738,0
8739,0
8740,0
8741,0
8742,0
8743,0
8744,0
8745,0
8746,0
8747,0
8750,0
8751,0
8752,0
8753,0
8754,0
8755,0
8757,0
8758,0
8759,0
8760,0
8761,0
8762,0
8763,0
8766,0
8767,0
8768,0
8770,0
8774,0
8775,0
8776,0
8777,0
8778,0
8780,0
8781,0
8782,0
8783,0
8784,0
8785,0
8786,0
8787,0
8788,0
8789,0
8790,0
8791,0
8793,0
8795,1
8797,0
8799,0
8800,0
8801,0
8802,0
8804,0
8805,0
8806,0
8808,0
8810,0
8812,0
8815,0
8816,0
8817,0
8823,0
8825,1
8829,0
8830,0
8831,0
8832,0
8835,0
8836,0
8837,0
8838,0
8839,0
8840,0
8841,0
8842,0
8843,0
8844,0
8846,0
8848,0
8850,0
8851,0
8852,0
8853,0
8854,0
8855,0
8856,0
8857,0
8858,0
8859,0
8860,0
8862,0
8863,0
8864,0
8865,0
8866,0
8869,0
8871,0
8872,0
8875,0
8878,0
8880,0
8881,0
8883,0
8885,0
8886,0
8887,0
8888,0
8890,0
8892,0
8893,1
8896,0
8899,0
8900,0
8902,1
8903,0
8905,0
8906,0
8907,0
8908,0
8912,1
8913,0
8914,0
8916,0
8920,0
8921,0
8923,1
8924,1
8926,0
8927,0
8931,0
8933,0
8934,0
8935,0
8936,0
8938,0
8939,0
8941,0
8942,0
8944,0
8945,1
8946,0
8947,0
8948,0
8949,0
8952,1
8953,0
8955,0
8956,0
8957,0
8959,0
8961,1
8962,0
8963,0
8965,0
8966,1
8967,0
8968,1
8969,0
8970,0
8971,1
8972,1
8973,0
8974,0
8976,1
8978,0
8979,1
8980,0
8983,0
8985,1
8986,1
8987,1
8989,0
8992,0
8993,0
8994,0
8996,0
8998,0
8999,0
9000,0
9001,0
9002,0
9005,0
9006,0
9007,0
9008,0
9009,0
9012,0
9016,0
9018,0
9020,0
9022,0
9023,0
9025,0
9026,0
9027,0
9028,0
9029,0
9030,0
9031,0
9033,0
9034,0
9038,0
9039,0
9040,0
9041,0
9042,1
9044,1
9045,0
9047,1
9051,1
9052,1
9053,1
9054,1
9055,0
9057,1
9058,0
9059,1
9060,0
9061,1
9062,0
9064,1
9067,1
9071,1
9072,1
9074,1
9075,1
9077,0
9078,0
9079,0
9080,0
9081,0
9082,1
9083,1
9084,0
9085,1
9086,1
9087,1
9088,1
9089,1
9090,1
9093,1
9094,0
9095,1
9096,1
9097,1
9098,1
9099,0
9100,1
9101,1
9102,1
9103,1
9106,1
9107,1
9109,1
9110,1
9112,1
9113,1
9114,1
9116,1
9118,1
9119,1
9120,1
9121,1
9123,1
9124,1
9126,1
9128,1
9130,1
9131,1
9132,1
9134,1
9135,1
9137,1
9139,1
9141,1
9142,1
9143,1
9144,1
9145,1
9146,1
9148,1
9149,1
9151,1
9154,1
9156,1
9157,1
9159,1
9161,1
9162,1
9164,1
9166,1
9169,1
9171,1
9172,1
9173,0
9174,1
9175,1
9177,1
9179,1
9180,1
9181,1
9182,0
9183,1
9185,1
9187,1
9191,1
9192,1
9193,1
9194,1
9195,0
9197,1
9203,1
9206,1
9207,1
9208,0
9209,1
9210,1
9211,1
9212,1
9215,1
9216,1
9217,1
9218,1
9219,1
9220,1
9221,1
9222,1
9223,1
9225,1
9226,1
9230,1
9231,1
9232,0
9233,1
9235,1
9237,0
9238,1
9239,1
9240,1
9242,1
9244,0
9246,0
9247,1
9248,1
9249,0
9250,0
9251,0
9252,0
9253,0
9254,0
9255,0
9257,0
9259,0
9260,0
9262,0
9263,0
9264,0
9265,0
9266,0
9267,0
9268,0
9269,0
9270,0
9271,0
9272,0
9273,0
9275,0
9276,0
9277,0
9278,0
9280,0
9281,0
9283,0
9286,0
9287,0
9288,0
9289,0
9290,0
9292,0
9293,0
9294,0
9296,0
9297,0
9298,0
9300,0
9301,0
9303,0
9307,0
9308,0
9309,0
9311,0
9313,0
9314,0
9315,0
9317,0
9319,0
9320,0
9321,0
9322,0
9324,0
9325,0
9329,0
9330,0
9332,0
9333,0
9334,0
9337,0
9338,0
9339,0
9341,0
9342,0
9343,0
9344,0
9345,0
9346,0
9347,0
9348,1
9350,0
9351,0
9355,0
9360,0
9361,0
9362,0
9363,0
9365,0
9367,0
9368,0
9371,0
9372,0
9373,0
9374,0
9375,1
9376,1
9377,0
9378,0
9380,0
9382,1
9384,0
9385,1
9386,0
9387,0
9388,0
9391,1
9393,1
9395,0
9396,1
9397,1
9401,1
9402,0
9403,1
9404,1
9405,1
9406,1
9408,0
9410,1
9411,0
9414,0
9416,1
9417,0
9418,0
9420,1
9421,1
9422,0
9425,1
9430,0
9431,1
9432,1
9434,1
9435,1
9436,0
9438,1
9439,0
9441,1
9445,1
9446,1
9448,1
9449,1
9450,1
9451,1
9452,1
9453,1
9454,1
9455,0
9456,1
9457,1
9458,1
9460,1
9463,0
9465,1
9466,1
9467,1
9468,0
9469,1
9470,0
9471,0
9472,0
9474,1
9480,1
9481,1
9482,1
9484,0
9485,0
9486,1
9488,1
9489,0
9490,1
9491,1
9492,1
9493,0
9495,0
9496,1
9499,1
9500,1
9501,1
9502,1
9503,0
9504,1
9505,1
9507,1
9508,0
9509,1
9510,1
9511,1
9513,1
9519,0
9520,0
9522,1
9524,0
9525,1
9526,1
9529,1
9531,1
9533,1
9537,0
9538,1
9539,1
9540,1
9541,0
9542,0
9547,0
9548,0
9550,0
9551,0
9552,0
9553,0
9554,0
9555,0
9556,1
9557,0
9559,0
9562,0
9563,0
9564,0
9565,0
9566,0
9567,0
9568,0
9569,0
9571,0
9572,0
9574,0
9575,0
9576,0
9577,0
9579,0
9580,1
9581,0
9582,1
9583,0
9585,0
9586,0
9589,0
9590,0
9591,0
9592,0
9593,1
9594,0
9595,1
9596,0
9597,0
9598,0
9600,1
9602,0
9603,0
9605,0
9606,0
9607,0
9608,1
9609,0
9610,0
9611,1
9612,1
9613,1
9616,1
9617,1
9618,0
9619,0
9620,1
9625,1
9627,1
9629,1
9632,0
9634,1
9636,1
9638,1
9639,1
9640,0
9642,1
9643,1
9644,1
9645,1
9646,1
9650,1
9651,1
9652,1
9653,1
9654,0
9655,1
9656,0
9657,1
9659,0
9660,0
9661,0
9663,0
9664,0
9665,0
9666,0
9667,0
9669,1
9670,1
9672,0
9673,1
9674,0
9675,1
9678,0
9680,0
9681,1
9683,0
9684,1
9686,1
9687,0
9688,0
9690,0
9691,0
9695,1
9697,0
9698,0
9699,1
9701,0
9702,1
9703,0
9704,0
9705,0
9706,0
9707,0
9708,1
9709,0
9710,0
9712,0
9714,1
9715,0
9716,1
9717,0
9718,1
9719,0
9722,0
9723,1
9724,0
9728,1
9729,1
9730,1
9731,1
9732,0
9733,0
9734,1
9736,0
9737,1
9738,0
9739,1
9741,0
9744,1
9745,0
9746,1
9749,0
9750,1
9752,1
9753,1
9754,1
9755,0
9756,0
9757,1
9759,1
9760,0
9761,0
9762,0
9763,0
9764,0
9765,1
9766,0
9769,0
9770,0
9771,0
9772,1
9774,0
9775,0
9776,0
9778,0
9779,0
9780,0
9782,0
9783,0
9785,0
9787,0
9788,0
9790,0
9791,0
9794,0
9795,0
9796,0
9797,0
9800,0
9801,0
9806,0
9808,1
9810,0
9812,0
9813,1
9815,0
9816,0
9818,0
9819,0
9820,0
9822,1
9823,1
9826,1
9828,0
9829,0
9830,0
9831,0
9832,0
9833,0
9834,0
9835,0
9836,0
9837,0
9838,1
9841,0
9842,0
9846,0
9849,0
9850,0
9853,0
9854,1
9857,0
9858,0
9859,0
9860,0
9861,0
9862,0
9864,0
9865,0
9866,0
9868,0
9869,0
9870,0
9872,0
9873,0
9874,0
9875,0
9877,0
9878,0
9880,0
9881,0
9883,0
9884,0
9885,0
9886,0
9887,0
9888,0
9889,0
9890,0
9894,0
9896,0
9897,0
9898,0
9901,0
9905,0
9906,0
9907,0
9909,0
9910,0
9911,0
9912,0
9915,0
9916,0
9918,0
9919,0
9920,0
9921,0
9923,0
9925,0
9930,0
9931,0
9932,0
9933,0
9934,0
9935,0
9937,0
9938,0
9940,0
9941,0
9942,0
9943,0
9944,0
9945,0
9946,0
9948,0
9949,0
9950,0
9952,0
9953,0
9955,0
9958,0
9960,0
9961,0
9963,0
9965,0
9967,0
9971,0
9972,1
9973,0
9974,0
9976,1
9978,1
9979,0
9980,0
9982,0
9983,0
9984,0
9985,1
9986,0
9987,0
9988,0
9989,0
9990,0
9991,0
9992,0
9994,0
9995,0
9998,0
10000,0
10001,1
10003,0
10004,0
10005,0
10006,0
10008,0
10009,0
10010,0
10011,0
10012,0
10013,0
10014,0
10016,0
10017,0
10018,0
10020,0
10021,0
10023,0
10025,0
10027,0
10028,0
10029,0
10030,0
10031,0
10032,0
10034,0
10035,0
10036,0
10037,0
10038,0
10039,0
10040,1
10041,0
10042,0
10044,0
10045,0
10047,0
10048,0
10049,0
10050,0
10052,0
10054,0
10055,0
10056,0
10057,0
10058,1
10059,1
10060,1
10061,1
10064,1
10066,1
10067,1
10069,1
10070,1
10071,1
10072,1
10073,1
10074,1
10075,1
10076,1
10077,1
10079,1
10080,1
10081,1
10082,1
10083,1
10084,1
10085,1
10087,1
10088,1
10089,1
10090,1
10091,1
10092,1
10093,1
10098,1
10099,1
10100,1
10101,0
10102,1
10105,1
10106,1
10107,1
10109,0
10110,1
10111,0
10112,0
10113,1
10114,0
10115,0
10116,0
10117,0
10118,0
10119,0
10120,0
10121,0
10124,1
10125,0
10126,0
10127,0
10129,0
10130,1
10132,0
10136,0
10137,0
10138,0
10139,0
10140,0
10141,0
10142,1
10143,0
10144,0
10146,0
10147,1
10149,0
10150,0
10151,0
10152,0
10153,1
10156,1
10157,0
10159,1
10163,1
10164,1
10168,0
10169,1
10171,1
10172,1
10173,0
10174,0
10175,1
10176,0
10177,0
10179,0
10182,0
10183,0
10184,1
10186,1
10187,0
10189,1
10191,1
10192,1
10193,0
10194,1
10195,1
10197,1
10198,1
10199,1
10201,1
10202,1
10203,1
10204,1
10206,1
10207,1
10208,1
10209,1
10210,1
10212,1
10213,0
10214,1
10215,1
10217,1
10218,0
10220,1
10222,1
10223,1
10224,1
10226,0
10229,1
10231,0
10234,0
10236,0
10237,0
10239,0
10241,0
10243,0
10244,1
10245,1
10246,0
10247,1
10249,0
10250,0
10251,0
10252,0
10253,0
10255,0
10256,0
10258,0
10259,0
10260,0
10263,0
10264,0
10265,0
10268,0
10269,0
10270,0
10272,0
10273,0
10274,0
10275,0
10276,0
10278,0
10280,0
10283,0
10284,0
10286,1
10287,0
10288,0
10289,0
10290,0
10291,0
10293,0
10294,0
10295,0
10296,0
10297,0
10299,0
10301,0
10302,0
10303,0
10304,1
10305,1
10306,0
10307,0
10308,0
10310,1
10313,0
10314,0
10315,0
10316,0
10317,0
10318,0
10320,0
10321,0
10322,0
10323,0
10325,0
10327,0
10329,0
10330,1
10331,1
10332,0
10333,0
10334,1
10335,0
10336,0
10337,0
10338,0
10339,0
10340,1
10341,1
10342,0
10344,1
10345,0
10348,0
10349,1
10350,0
10351,0
10352,0
10355,0
10358,1
10359,0
10360,0
10361,0
10364,0
10365,0
10366,1
10367,1
10368,0
10369,0
10371,0
10372,0
10374,1
10375,1
10376,0
10377,0
10378,0
10379,0
10380,1
10381,0
10382,1
10383,1
10384,1
10385,0
10387,0
10390,0
10392,0
10393,0
10394,1
10395,0
10396,0
10398,0
10399,0
10401,0
10402,1
10405,0
10406,1
10407,0
10409,0
10410,1
10411,0
10412,0
10413,0
10414,1
10415,0
10416,0
10418,0
10419,0
10420,0
10421,1
10422,0
10423,0
10424,0
10426,1
10427,0
10428,0
10429,0
10430,0
10431,0
10432,0
10433,0
10434,0
10436,1
10439,1
10441,1
10443,1
10444,1
10445,1
10446,1
10448,1
10449,1
10450,1
10451,1
10455,0
10456,1
10457,1
10458,0
10461,0
10462,1
10464,0
10466,1
10467,1
10468,1
10470,1
10471,1
10472,1
10473,1
10478,0
10479,1
10481,1
10482,0
10483,1
10484,1
10485,0
10486,1
10487,1
10488,1
10489,1
10490,1
10492,1
10496,0
10498,1
10499,0
10500,1
10502,1
10503,1
10505,1
10506,1
10508,1
10511,1
10513,0
10515,1
10516,1
10517,1
10518,1
10519,1
10520,1
10521,1
10522,1
10523,0
10524,0
10525,1
10527,1
10529,1
10533,1
10534,1
10535,0
10536,1
10537,0
10540,1
10541,0
10543,0
10544,0
10545,0
10546,0
10548,0
10550,1
10551,1
10552,0
10553,0
10554,0
10555,1
10557,0
10558,0
10559,0
10560,0
10561,1
10562,0
10563,1
10564,0
10565,0
10566,0
10567,0
10568,1
10570,0
10571,0
10573,0
10574,1
10575,0
10576,0
10578,0
10580,0
10581,0
10582,1
10583,0
10584,0
10585,1
10587,1
10588,0
10589,0
10590,1
10591,1
10592,1
10593,1
10596,0
10598,1
10599,1
10600,1
10601,0
10603,1
10605,0
10606,1
10607,1
10608,0
10609,0
10610,0
10611,1
10612,1
10613,1
10615,1
10616,1
10620,1
10621,0
10622,1
10623,1
10625,1
10626,0
10627,1
10628,1
10629,0
10630,0
10631,1
10632,1
10636,0
10637,0
10640,0
10641,1
10644,0
10647,1
10648,0
10650,0
10651,0
10655,0
10656,0
10657,1
10658,0
10659,0
10660,0
10662,0
10663,0
10665,0
10666,0
10667,1
10669,0
10671,0
10672,0
10673,0
10675,1
10676,0
10677,1
10678,0
10679,0
10680,0
10681,1
10682,1
10684,0
10685,0
10686,0
10687,0
10688,0
10689,0
10690,0
10691,0
10692,1
10693,0
10695,0
10696,0
10698,0
10700,0
10702,0
10704,0
10705,0
10706,0
10707,0
10708,0
10709,0
10710,0
10711,0
10712,0
10715,1
10718,0
10720,0
10721,0
10722,1
10723,0
10724,0
10726,0
10727,0
10729,0
10730,0
10731,0
10732,0
10733,0
10735,1
10736,1
10737,1
10739,1
10741,1
10743,1
10744,1
10745,1
10746,1
10747,1
10748,1
10749,1
10750,1
10751,1
10752,1
10753,1
10754,1
10755,1
10759,1
10760,1
10763,1
10764,1
10765,1
10766,1
10767,1
10768,1
10769,1
10770,1
10771,1
10772,1
10774,1
10775,1
10776,1
10777,1
10779,1
10780,1
10782,1
10783,1
10784,1
10785,0
10786,0
10787,0
10788,0
10789,0
10790,0
10793,0
10794,0
10795,0
10798,0
10799,0
10800,0
10802,0
10803,0
10805,0
10808,1
10809,0
10810,0
10811,0
10812,0
10813,0
10814,0
10815,0
10817,0
10818,0
10819,0
10821,0
10822,0
10823,0
10824,0
10825,0
10826,0
10827,0
10829,0
10830,0
10831,0
10832,0
10833,0
10834,0
10835,1
10837,0
10839,1
10840,1
10841,0
10842,1
10843,1
10844,1
10846,1
10847,1
10848,0
10849,0
10850,1
10851,1
10852,1
10853,1
10854,1
10855,1
10859,1
10860,0
10862,1
10863,1
10864,0
10866,1
10867,1
10869,1
10870,1
10871,1
10872,1
10873,1
